timestamp,open,high,low,close,volume,taker_buy_volume,taker_sell_volume,synthetic_label
2026-01-01 09:00:00,100.00000246030672,100.01000246030672,99.99000246030671,100.00000246030672,20.0,10.0,10.0,background
2026-01-01 09:01:00,100.00000246030672,100.01059995138174,99.99000246030671,100.00059995138173,20.0,10.0,10.0,background
2026-01-01 09:02:00,100.00059995138173,100.01059995138174,99.990051675671,100.000051675671,20.0,10.0,10.0,background
2026-01-01 09:03:00,100.000051675671,100.01005167567101,99.98827049199349,99.9982704919935,20.0,10.0,10.0,background
2026-01-01 09:04:00,99.9982704919935,100.0082704919935,99.98736115042314,99.99736115042315,20.0,10.0,10.0,background
2026-01-01 09:05:00,99.99736115042315,100.00736115042315,99.98537785731315,99.99537785731316,20.0,10.0,10.0,background
2026-01-01 09:06:00,99.99537785731316,100.00549814451836,99.98537785731315,99.99549814451835,20.0,10.0,10.0,background
2026-01-01 09:07:00,99.99549814451835,100.00817857500947,99.98549814451835,99.99817857500946,20.0,10.0,10.0,background
2026-01-01 09:08:00,99.99817857500946,100.00817857500947,99.98719416197235,99.99719416197236,20.0,10.0,10.0,background
2026-01-01 09:09:00,99.99719416197236,100.00719416197236,99.98595321217272,99.99595321217272,20.0,10.0,10.0,background
2026-01-01 09:10:00,99.99595321217272,100.0069328962731,99.98595321217272,99.9969328962731,20.0,10.0,10.0,background
2026-01-01 09:11:00,99.9969328962731,100.00764667028942,99.98693289627309,99.99764667028941,20.0,10.0,10.0,background
2026-01-01 09:12:00,99.99764667028941,100.00785749878742,99.98764667028941,99.99785749878741,20.0,10.0,10.0,background
2026-01-01 09:13:00,99.99785749878741,100.00785749878742,99.98599656269798,99.99599656269798,20.0,10.0,10.0,background
2026-01-01 09:14:00,99.99599656269798,100.00599656269799,99.98593805905305,99.99593805905306,20.0,10.0,10.0,background
2026-01-01 09:15:00,99.99593805905306,100.00732866544199,99.98593805905305,99.99732866544198,20.0,10.0,10.0,background
2026-01-01 09:16:00,99.99732866544198,100.00732866544199,99.9846402363474,99.99464023634741,20.0,10.0,10.0,background
2026-01-01 09:17:00,99.99464023634741,100.00464023634741,99.98372500482532,99.99372500482532,20.0,10.0,10.0,background
2026-01-01 09:18:00,99.99372500482532,100.00372500482533,99.97992255934572,99.98992255934573,20.0,10.0,10.0,background
2026-01-01 09:19:00,99.98992255934573,99.99992255934573,99.97734348386615,99.98734348386616,20.0,10.0,10.0,background
2026-01-01 09:20:00,99.98734348386616,99.99734348386616,99.97366001379056,99.98366001379057,20.0,10.0,10.0,background
2026-01-01 09:21:00,99.98366001379057,99.99366001379057,99.97318983152842,99.98318983152842,20.0,10.0,10.0,background
2026-01-01 09:22:00,99.98318983152842,99.99318983152843,99.97065493856553,99.98065493856554,20.0,10.0,10.0,background
2026-01-01 09:23:00,99.98065493856554,99.99119746728319,99.97065493856553,99.98119746728318,20.0,10.0,10.0,background
2026-01-01 09:24:00,99.98119746728318,99.99151096945643,99.97119746728318,99.98151096945642,20.0,10.0,10.0,background
2026-01-01 09:25:00,99.98151096945642,99.99151096945643,99.97113710756716,99.98113710756716,20.0,10.0,10.0,background
2026-01-01 09:26:00,99.98113710756716,99.99113710756717,99.96610358814551,99.97610358814552,20.0,10.0,10.0,background
2026-01-01 09:27:00,99.97610358814552,99.98610358814553,99.96502620235383,99.97502620235383,20.0,10.0,10.0,background
2026-01-01 09:28:00,99.97502620235383,99.98502620235384,99.96492920046303,99.97492920046304,20.0,10.0,10.0,background
2026-01-01 09:29:00,99.97492920046304,99.98515581843505,99.96492920046303,99.97515581843504,20.0,10.0,10.0,background
2026-01-01 09:30:00,99.97515581843504,99.98515581843505,99.96209554690402,99.97209554690403,20.0,10.0,10.0,background
2026-01-01 09:31:00,99.97209554690403,99.98209554690403,99.96114004035195,99.97114004035195,20.0,10.0,10.0,background
2026-01-01 09:32:00,99.97114004035195,99.98114004035196,99.95918300219584,99.96918300219585,20.0,10.0,10.0,background
2026-01-01 09:33:00,99.96918300219585,99.97918300219585,99.95756532771699,99.967565327717,20.0,10.0,10.0,background
2026-01-01 09:34:00,99.967565327717,99.97968712496377,99.95756532771699,99.96968712496377,20.0,10.0,10.0,background
2026-01-01 09:35:00,99.96968712496377,99.97968712496377,99.9580720556131,99.9680720556131,20.0,10.0,10.0,background
2026-01-01 09:36:00,99.9680720556131,99.97807205561311,99.95800701220321,99.96800701220322,20.0,10.0,10.0,background
2026-01-01 09:37:00,99.96800701220322,99.97977579193798,99.95800701220321,99.96977579193798,20.0,10.0,10.0,background
2026-01-01 09:38:00,99.96977579193798,99.97977579193798,99.95860859107249,99.9686085910725,20.0,10.0,10.0,background
2026-01-01 09:39:00,99.9686085910725,99.9786085910725,99.95838518717332,99.96838518717333,20.0,10.0,10.0,background
2026-01-01 09:40:00,99.96838518717333,99.97860611545983,99.95838518717332,99.96860611545982,20.0,10.0,10.0,background
2026-01-01 09:41:00,99.96860611545982,99.97873367900834,99.95860611545982,99.96873367900834,20.0,10.0,10.0,background
2026-01-01 09:42:00,99.96873367900834,99.97873367900834,99.9562835673555,99.9662835673555,20.0,10.0,10.0,background
2026-01-01 09:43:00,99.9662835673555,99.97643584781626,99.9562835673555,99.96643584781626,20.0,10.0,10.0,background
2026-01-01 09:44:00,99.96643584781626,99.97915349465974,99.95643584781625,99.96915349465974,20.0,10.0,10.0,background
2026-01-01 09:45:00,99.96915349465974,99.97915349465974,99.95605920530348,99.96605920530348,20.0,10.0,10.0,background
2026-01-01 09:46:00,99.96605920530348,99.97777797067953,99.95605920530348,99.96777797067952,20.0,10.0,10.0,background
2026-01-01 09:47:00,99.96777797067952,99.97801667873092,99.95777797067952,99.96801667873092,20.0,10.0,10.0,background
2026-01-01 09:48:00,99.96801667873092,99.97801667873092,99.9567337379427,99.9667337379427,20.0,10.0,10.0,background
2026-01-01 09:49:00,99.9667337379427,99.98073457103538,99.9567337379427,99.97073457103538,20.0,10.0,10.0,background
2026-01-01 09:50:00,99.97073457103538,99.98225909045956,99.96073457103537,99.97225909045956,20.0,10.0,10.0,background
2026-01-01 09:51:00,99.97225909045956,99.98225909045956,99.95986051265534,99.96986051265534,20.0,10.0,10.0,background
2026-01-01 09:52:00,99.96986051265534,99.98000954511289,99.95986051265534,99.97000954511289,20.0,10.0,10.0,background
2026-01-01 09:53:00,99.97000954511289,99.98116292428023,99.96000954511288,99.97116292428022,20.0,10.0,10.0,background
2026-01-01 09:54:00,99.97116292428022,99.98116292428023,99.96078536002952,99.97078536002952,20.0,10.0,10.0,background
2026-01-01 09:55:00,99.97078536002952,99.98215118056392,99.96078536002952,99.97215118056391,20.0,10.0,10.0,background
2026-01-01 09:56:00,99.97215118056391,99.98215118056392,99.96201814592361,99.97201814592361,20.0,10.0,10.0,background
2026-01-01 09:57:00,99.97201814592361,99.98335264104529,99.96201814592361,99.97335264104528,20.0,10.0,10.0,background
2026-01-01 09:58:00,99.97335264104528,99.9862296862286,99.96335264104528,99.97622968622859,20.0,10.0,10.0,background
2026-01-01 09:59:00,99.97622968622859,99.9862296862286,99.96487836172658,99.97487836172658,20.0,10.0,10.0,background
2026-01-01 10:00:00,99.97487836172658,99.98528463894738,99.96487836172658,99.97528463894737,20.0,10.0,10.0,background
2026-01-01 10:01:00,99.97528463894737,99.98528463894738,99.96435802379429,99.9743580237943,20.0,10.0,10.0,background
2026-01-01 10:02:00,99.9743580237943,99.98461256061674,99.96435802379429,99.97461256061673,20.0,10.0,10.0,background
2026-01-01 10:03:00,99.97461256061673,99.98461256061674,99.96223817156104,99.97223817156105,20.0,10.0,10.0,background
2026-01-01 10:04:00,99.97223817156105,99.98223817156105,99.96107956836804,99.97107956836804,20.0,10.0,10.0,background
2026-01-01 10:05:00,99.97107956836804,99.98107956836805,99.96068717642243,99.97068717642243,20.0,10.0,10.0,background
2026-01-01 10:06:00,99.97068717642243,99.98248470416664,99.96068717642243,99.97248470416663,20.0,10.0,10.0,background
2026-01-01 10:07:00,99.97248470416663,99.98477514818154,99.96248470416663,99.97477514818154,20.0,10.0,10.0,background
2026-01-01 10:08:00,99.97477514818154,99.98477514818154,99.96212809259656,99.97212809259656,20.0,10.0,10.0,background
2026-01-01 10:09:00,99.97212809259656,99.98212809259657,99.96053880786458,99.97053880786459,20.0,10.0,10.0,background
2026-01-01 10:10:00,99.97053880786459,99.98183261470975,99.96053880786458,99.97183261470974,20.0,10.0,10.0,background
2026-01-01 10:11:00,99.97183261470974,99.98183261470975,99.95784777514139,99.9678477751414,20.0,10.0,10.0,background
2026-01-01 10:12:00,99.9678477751414,99.9778477751414,99.95692143541147,99.96692143541148,20.0,10.0,10.0,background
2026-01-01 10:13:00,99.96692143541148,99.97692143541148,99.95672686156014,99.96672686156015,20.0,10.0,10.0,background
2026-01-01 10:14:00,99.96672686156015,99.97924089151472,99.95672686156014,99.96924089151472,20.0,10.0,10.0,background
2026-01-01 10:15:00,99.96924089151472,99.98061969931587,99.95924089151471,99.97061969931586,20.0,10.0,10.0,background
2026-01-01 10:16:00,99.97061969931586,99.98061969931587,99.95996527247542,99.96996527247542,20.0,10.0,10.0,background
2026-01-01 10:17:00,99.96996527247542,99.97996527247543,99.95922812068721,99.96922812068722,20.0,10.0,10.0,background
2026-01-01 10:18:00,99.96922812068722,99.97922812068722,99.95872772988618,99.96872772988618,20.0,10.0,10.0,background
2026-01-01 10:19:00,99.96872772988618,99.98177478868709,99.95872772988618,99.97177478868709,20.0,10.0,10.0,background
2026-01-01 10:20:00,99.97177478868709,99.98177478868709,99.96091873880194,99.97091873880194,20.0,10.0,10.0,background
2026-01-01 10:21:00,99.97091873880194,99.98091873880195,99.96031137802521,99.97031137802522,20.0,10.0,10.0,background
2026-01-01 10:22:00,99.97031137802522,99.98101655615979,99.96031137802521,99.97101655615978,20.0,10.0,10.0,background
2026-01-01 10:23:00,99.97101655615978,99.98101655615979,99.9607750152696,99.97077501526961,20.0,10.0,10.0,background
2026-01-01 10:24:00,99.97077501526961,99.98077501526961,99.96038044681367,99.97038044681368,20.0,10.0,10.0,background
2026-01-01 10:25:00,99.97038044681368,99.98038044681368,99.95815231252737,99.96815231252738,20.0,10.0,10.0,background
2026-01-01 10:26:00,99.96815231252738,99.97815231252738,99.9581292695913,99.9681292695913,20.0,10.0,10.0,background
2026-01-01 10:27:00,99.9681292695913,99.9781292695913,99.95724210714535,99.96724210714535,20.0,10.0,10.0,background
2026-01-01 10:28:00,99.96724210714535,99.97957436269775,99.95724210714535,99.96957436269774,20.0,10.0,10.0,background
2026-01-01 10:29:00,99.96957436269774,99.98088053970314,99.95957436269774,99.97088053970313,20.0,10.0,10.0,background
2026-01-01 10:30:00,99.97088053970313,99.98088053970314,99.96083225247712,99.97083225247712,20.0,10.0,10.0,background
2026-01-01 10:31:00,99.97083225247712,99.98216901452366,99.96083225247712,99.97216901452366,20.0,10.0,10.0,background
2026-01-01 10:32:00,99.97216901452366,99.98216901452366,99.96148927542022,99.97148927542023,20.0,10.0,10.0,background
2026-01-01 10:33:00,99.97148927542023,99.98359352813709,99.96148927542022,99.97359352813709,20.0,10.0,10.0,background
2026-01-01 10:34:00,99.97359352813709,99.98359352813709,99.96358272901573,99.97358272901573,20.0,10.0,10.0,background
2026-01-01 10:35:00,100.0,100.01,99.99,100.0,20.0,10.0,10.0,background
2026-01-01 10:36:00,100.0,100.01,99.99,100.0,20.0,10.0,10.0,background
2026-01-01 10:37:00,100.0,100.01,99.99,100.0,20.0,10.0,10.0,background
2026-01-01 10:38:00,100.0,100.01,99.99,100.0,20.0,10.0,10.0,background
2026-01-01 10:39:00,100.0,100.01,99.99,100.0,20.0,10.0,10.0,background
2026-01-01 10:40:00,100.0,100.01,99.99,100.0,151.0,150.0,1.0,initiative_support
2026-01-01 10:41:00,100.0,100.01,99.99,100.0,20.0,10.0,10.0,background
2026-01-01 10:42:00,100.0,100.01,99.99,100.0,20.0,10.0,10.0,background
2026-01-01 10:43:00,100.0,100.01,99.99,100.0,20.0,10.0,10.0,background
2026-01-01 10:44:00,100.0,100.01,99.99,100.0,20.0,10.0,10.0,background
2026-01-01 10:45:00,100.0,100.01,99.99,100.0,20.0,10.0,10.0,background
2026-01-01 10:46:00,100.0,100.01,99.99,100.0,20.0,10.0,10.0,background
2026-01-01 10:47:00,100.0,100.01,99.99,100.0,20.0,10.0,10.0,background
2026-01-01 10:48:00,100.1,100.12,100.06,100.1,20.0,10.0,10.0,background
2026-01-01 10:49:00,100.0,100.01,99.99,100.0,20.0,10.0,10.0,background
2026-01-01 10:50:00,100.0,100.01,99.99,100.0,20.0,10.0,10.0,background
2026-01-01 10:51:00,100.0,100.01,99.99,100.0,20.0,10.0,10.0,background
2026-01-01 10:52:00,100.16,100.18,100.08,100.16,20.0,10.0,10.0,background
2026-01-01 10:53:00,100.0,100.01,99.99,100.0,20.0,10.0,10.0,background
2026-01-01 10:54:00,100.0,100.01,99.99,100.0,20.0,10.0,10.0,background
2026-01-01 10:55:00,100.0,100.01,99.99,100.0,20.0,10.0,10.0,background
2026-01-01 10:56:00,100.0,100.01,99.99,100.0,20.0,10.0,10.0,background
2026-01-01 10:57:00,100.0,100.01,99.99,100.0,20.0,10.0,10.0,background
2026-01-01 10:58:00,100.0,100.01,99.99,100.0,20.0,10.0,10.0,background
2026-01-01 10:59:00,100.0,100.01,99.99,100.0,20.0,10.0,10.0,background
2026-01-01 11:00:00,100.0,100.01,99.99,100.0,20.0,10.0,10.0,background
2026-01-01 11:01:00,100.0,100.01,99.99,100.0,20.0,10.0,10.0,background
2026-01-01 11:02:00,100.0,100.01,99.99,100.0,20.0,10.0,10.0,background
2026-01-01 11:03:00,100.0,100.01,99.99,100.0,20.0,10.0,10.0,background
2026-01-01 11:04:00,100.0,100.01,99.99,100.0,20.0,10.0,10.0,background
2026-01-01 11:05:00,100.0,100.02,99.98,100.0,95.0,90.0,5.0,initiative_support_retest
2026-01-01 11:06:00,100.08,100.1,100.01,100.08,20.0,10.0,10.0,background
2026-01-01 11:07:00,100.0,100.01,99.99,100.0,20.0,10.0,10.0,background
2026-01-01 11:08:00,100.0,100.01,99.99,100.0,20.0,10.0,10.0,background
2026-01-01 11:09:00,100.0,100.01,99.99,100.0,20.0,10.0,10.0,background
2026-01-01 11:10:00,100.0,100.01,99.99,100.0,20.0,10.0,10.0,background
2026-01-01 11:11:00,100.0,100.01,99.99,100.0,20.0,10.0,10.0,background
2026-01-01 11:12:00,99.95340872485791,99.96367062727307,99.9434087248579,99.95367062727307,20.0,10.0,10.0,background
2026-01-01 11:13:00,99.95367062727307,99.96367062727307,99.94059695739249,99.95059695739249,20.0,10.0,10.0,background
2026-01-01 11:14:00,99.95059695739249,99.96309525489161,99.94059695739249,99.95309525489161,20.0,10.0,10.0,background
2026-01-01 11:15:00,99.95309525489161,99.96597866920266,99.9430952548916,99.95597866920265,20.0,10.0,10.0,background
2026-01-01 11:16:00,99.95597866920265,99.96597866920266,99.94584705939064,99.95584705939065,20.0,10.0,10.0,background
2026-01-01 11:17:00,99.95584705939065,99.96584705939065,99.9452992268463,99.95529922684631,20.0,10.0,10.0,background
2026-01-01 11:18:00,99.95529922684631,99.96529922684631,99.94497949291436,99.95497949291436,20.0,10.0,10.0,background
2026-01-01 11:19:00,99.95497949291436,99.96497949291437,99.9430291882688,99.9530291882688,20.0,10.0,10.0,background
2026-01-01 11:20:00,99.9530291882688,99.96522636178832,99.9430291882688,99.95522636178832,20.0,10.0,10.0,background
2026-01-01 11:21:00,99.95522636178832,99.96522636178832,99.94414057792486,99.95414057792486,20.0,10.0,10.0,background
2026-01-01 11:22:00,99.95414057792486,99.96414057792487,99.94403819709947,99.95403819709948,20.0,10.0,10.0,background
2026-01-01 11:23:00,99.95403819709948,99.96403819709948,99.94245160429307,99.95245160429307,20.0,10.0,10.0,background
2026-01-01 11:24:00,99.95245160429307,99.96245160429308,99.94119945809362,99.95119945809363,20.0,10.0,10.0,background
2026-01-01 11:25:00,99.95119945809363,99.96119945809363,99.93864400779033,99.94864400779034,20.0,10.0,10.0,background
2026-01-01 11:26:00,99.94864400779034,99.96115814641776,99.93864400779033,99.95115814641775,20.0,10.0,10.0,background
2026-01-01 11:27:00,99.95115814641775,99.96115814641776,99.94084997127133,99.95084997127134,20.0,10.0,10.0,background
2026-01-01 11:28:00,99.95084997127134,99.9627818145088,99.94084997127133,99.9527818145088,20.0,10.0,10.0,background
2026-01-01 11:29:00,99.9527818145088,99.96280846370263,99.94278181450879,99.95280846370262,20.0,10.0,10.0,background
2026-01-01 11:30:00,99.95280846370262,99.96280846370263,99.94141965664721,99.95141965664722,20.0,10.0,10.0,background
2026-01-01 11:31:00,99.95141965664722,99.96141965664722,99.94076628612721,99.95076628612722,20.0,10.0,10.0,background
2026-01-01 11:32:00,99.95076628612722,99.96076628612722,99.93964582402621,99.94964582402622,20.0,10.0,10.0,background
2026-01-01 11:33:00,99.94964582402622,99.95966174222458,99.93964582402621,99.94966174222458,20.0,10.0,10.0,background
2026-01-01 11:34:00,99.94966174222458,99.95966174222458,99.93891120854522,99.94891120854523,20.0,10.0,10.0,background
2026-01-01 11:35:00,99.94891120854523,99.95891120854523,99.93831136511334,99.94831136511334,20.0,10.0,10.0,background
2026-01-01 11:36:00,99.94831136511334,99.95831136511335,99.93555421574507,99.94555421574508,20.0,10.0,10.0,background
2026-01-01 11:37:00,99.94555421574508,99.95555421574508,99.93394052388983,99.94394052388984,20.0,10.0,10.0,background
2026-01-01 11:38:00,99.94394052388984,99.95724863898744,99.93394052388983,99.94724863898743,20.0,10.0,10.0,background
2026-01-01 11:39:00,99.94724863898743,99.95724863898744,99.93590617255492,99.94590617255493,20.0,10.0,10.0,background
2026-01-01 11:40:00,99.94590617255493,99.95590617255493,99.93379798497968,99.94379798497968,20.0,10.0,10.0,background
2026-01-01 11:41:00,99.94379798497968,99.95447263764484,99.93379798497968,99.94447263764484,20.0,10.0,10.0,background
2026-01-01 11:42:00,99.94447263764484,99.95728718204396,99.93447263764483,99.94728718204395,20.0,10.0,10.0,background
2026-01-01 11:43:00,99.94728718204395,99.95728718204396,99.93437913343898,99.94437913343899,20.0,10.0,10.0,background
2026-01-01 11:44:00,99.94437913343899,99.95437913343899,99.93396208974248,99.94396208974248,20.0,10.0,10.0,background
2026-01-01 11:45:00,99.94396208974248,99.95396208974249,99.9326979846346,99.9426979846346,20.0,10.0,10.0,background
2026-01-01 11:46:00,99.9426979846346,99.95269798463461,99.92917594568596,99.93917594568596,20.0,10.0,10.0,background
2026-01-01 11:47:00,99.93917594568596,99.95064579910448,99.92917594568596,99.94064579910447,20.0,10.0,10.0,background
2026-01-01 11:48:00,99.94064579910447,99.95064579910448,99.93059891126735,99.94059891126736,20.0,10.0,10.0,background
2026-01-01 11:49:00,99.94059891126736,99.95074179495596,99.93059891126735,99.94074179495595,20.0,10.0,10.0,background
2026-01-01 11:50:00,99.94074179495595,99.95074179495596,99.92923717201106,99.93923717201106,20.0,10.0,10.0,background
2026-01-01 11:51:00,99.93923717201106,99.95014674033706,99.92923717201106,99.94014674033706,20.0,10.0,10.0,background
2026-01-01 11:52:00,99.94014674033706,99.95014674033706,99.92906814563807,99.93906814563807,20.0,10.0,10.0,background
2026-01-01 11:53:00,99.93906814563807,99.94906814563808,99.92878233922107,99.93878233922108,20.0,10.0,10.0,background
2026-01-01 11:54:00,99.93878233922108,99.94878233922108,99.92656581763671,99.93656581763672,20.0,10.0,10.0,background
2026-01-01 11:55:00,99.93656581763672,99.94656581763672,99.9241336121163,99.9341336121163,20.0,10.0,10.0,background
2026-01-01 11:56:00,99.9341336121163,99.94680467582691,99.9241336121163,99.9368046758269,20.0,10.0,10.0,background
2026-01-01 11:57:00,99.9368046758269,99.94680467582691,99.92579046641782,99.93579046641783,20.0,10.0,10.0,background
2026-01-01 11:58:00,99.93579046641783,99.94637382713054,99.92579046641782,99.93637382713054,20.0,10.0,10.0,background
2026-01-01 11:59:00,99.93637382713054,99.94637382713054,99.92630624626099,99.936306246261,20.0,10.0,10.0,background
2026-01-01 12:00:00,99.936306246261,99.946306246261,99.92542395585548,99.93542395585548,20.0,10.0,10.0,background
2026-01-01 12:01:00,99.93542395585548,99.94542395585549,99.9244080339148,99.9344080339148,20.0,10.0,10.0,background
2026-01-01 12:02:00,99.9344080339148,99.9456681990977,99.9244080339148,99.93566819909769,20.0,10.0,10.0,background
2026-01-01 12:03:00,99.93566819909769,99.9456681990977,99.92506446388862,99.93506446388862,20.0,10.0,10.0,background
2026-01-01 12:04:00,99.93506446388862,99.94506446388863,99.92476157659227,99.93476157659228,20.0,10.0,10.0,background
2026-01-01 12:05:00,99.93476157659228,99.94480601970668,99.92476157659227,99.93480601970667,20.0,10.0,10.0,background
2026-01-01 12:06:00,99.93480601970667,99.94715903634719,99.92480601970666,99.93715903634718,20.0,10.0,10.0,background
2026-01-01 12:07:00,99.93715903634718,99.94852005829645,99.92715903634718,99.93852005829645,20.0,10.0,10.0,background
2026-01-01 12:08:00,99.93852005829645,99.9492852588319,99.92852005829644,99.9392852588319,20.0,10.0,10.0,background
2026-01-01 12:09:00,99.9392852588319,99.9492852588319,99.92815811604518,99.93815811604519,20.0,10.0,10.0,background
2026-01-01 12:10:00,99.93815811604519,99.94815811604519,99.92539417860517,99.93539417860518,20.0,10.0,10.0,background
2026-01-01 12:11:00,99.93539417860518,99.94729323846866,99.92539417860517,99.93729323846865,20.0,10.0,10.0,background
2026-01-01 12:12:00,99.93729323846865,99.9492261327371,99.92729323846865,99.93922613273709,20.0,10.0,10.0,background
2026-01-01 12:13:00,99.93922613273709,99.9492261327371,99.92894471593884,99.93894471593885,20.0,10.0,10.0,background
2026-01-01 12:14:00,99.93894471593885,99.95002848362206,99.92894471593884,99.94002848362206,20.0,10.0,10.0,background
2026-01-01 12:15:00,99.94002848362206,99.95159136972983,99.93002848362205,99.94159136972982,20.0,10.0,10.0,background
2026-01-01 12:16:00,99.94159136972982,99.95325373863515,99.93159136972982,99.94325373863515,20.0,10.0,10.0,background
2026-01-01 12:17:00,99.94325373863515,99.95509650558165,99.93325373863514,99.94509650558165,20.0,10.0,10.0,background
2026-01-01 12:18:00,99.94509650558165,99.95509650558165,99.93418527028032,99.94418527028033,20.0,10.0,10.0,background
2026-01-01 12:19:00,99.94418527028033,99.95721521624566,99.93418527028032,99.94721521624565,20.0,10.0,10.0,background
2026-01-01 12:20:00,99.94721521624565,99.95721521624566,99.93472203012908,99.94472203012909,20.0,10.0,10.0,background
2026-01-01 12:21:00,99.94472203012909,99.95644547628308,99.93472203012908,99.94644547628307,20.0,10.0,10.0,background
2026-01-01 12:22:00,99.94644547628307,99.95743334044114,99.93644547628307,99.94743334044114,20.0,10.0,10.0,background
2026-01-01 12:23:00,99.94743334044114,99.95918057866818,99.93743334044113,99.94918057866818,20.0,10.0,10.0,background
2026-01-01 12:24:00,99.94918057866818,99.96293859528238,99.93918057866817,99.95293859528238,20.0,10.0,10.0,background
2026-01-01 12:25:00,99.95293859528238,99.96590748622914,99.94293859528237,99.95590748622914,20.0,10.0,10.0,background
2026-01-01 12:26:00,99.95590748622914,99.96590748622914,99.94361713241474,99.95361713241475,20.0,10.0,10.0,background
2026-01-01 12:27:00,99.95361713241475,99.96361713241475,99.9402397892542,99.95023978925421,20.0,10.0,10.0,background
2026-01-01 12:28:00,99.95023978925421,99.96187356737234,99.9402397892542,99.95187356737233,20.0,10.0,10.0,background
2026-01-01 12:29:00,99.95187356737233,99.96187356737234,99.93984354254057,99.94984354254058,20.0,10.0,10.0,background
2026-01-01 12:30:00,99.94984354254058,99.95984354254058,99.93981873176327,99.94981873176327,20.0,10.0,10.0,background
2026-01-01 12:31:00,99.94981873176327,99.9614981867173,99.93981873176327,99.95149818671729,20.0,10.0,10.0,background
2026-01-01 12:32:00,99.95149818671729,99.9614981867173,99.93821059201491,99.94821059201492,20.0,10.0,10.0,background
2026-01-01 12:33:00,99.94821059201492,99.95821059201492,99.9339906311063,99.9439906311063,20.0,10.0,10.0,background
2026-01-01 12:34:00,99.9439906311063,99.95450922914698,99.9339906311063,99.94450922914697,20.0,10.0,10.0,background
2026-01-01 12:35:00,101.0,101.01,100.99,101.0,20.0,10.0,10.0,background
2026-01-01 12:36:00,101.0,101.01,100.99,101.0,20.0,10.0,10.0,background
2026-01-01 12:37:00,101.0,101.01,100.99,101.0,20.0,10.0,10.0,background
2026-01-01 12:38:00,101.0,101.01,100.99,101.0,20.0,10.0,10.0,background
2026-01-01 12:39:00,101.0,101.01,100.99,101.0,20.0,10.0,10.0,background
2026-01-01 12:40:00,101.0,101.01,100.99,101.0,151.0,1.0,150.0,absorption_support
2026-01-01 12:41:00,101.0,101.01,100.99,101.0,20.0,10.0,10.0,background
2026-01-01 12:42:00,101.0,101.01,100.99,101.0,20.0,10.0,10.0,background
2026-01-01 12:43:00,101.01,101.02,100.99,101.01,20.0,10.0,10.0,background
2026-01-01 12:44:00,101.0,101.01,100.99,101.0,20.0,10.0,10.0,background
2026-01-01 12:45:00,101.0,101.01,100.99,101.0,20.0,10.0,10.0,background
2026-01-01 12:46:00,101.0,101.01,100.99,101.0,20.0,10.0,10.0,background
2026-01-01 12:47:00,101.0,101.01,100.99,101.0,20.0,10.0,10.0,background
2026-01-01 12:48:00,101.0,101.01,100.99,101.0,20.0,10.0,10.0,background
2026-01-01 12:49:00,101.0,101.01,100.99,101.0,20.0,10.0,10.0,background
2026-01-01 12:50:00,101.12,101.15,101.05,101.12,20.0,10.0,10.0,background
2026-01-01 12:51:00,101.0,101.01,100.99,101.0,20.0,10.0,10.0,background
2026-01-01 12:52:00,101.0,101.01,100.99,101.0,20.0,10.0,10.0,background
2026-01-01 12:53:00,101.0,101.01,100.99,101.0,20.0,10.0,10.0,background
2026-01-01 12:54:00,101.0,101.01,100.99,101.0,20.0,10.0,10.0,background
2026-01-01 12:55:00,101.0,101.01,100.99,101.0,20.0,10.0,10.0,background
2026-01-01 12:56:00,101.0,101.01,100.99,101.0,20.0,10.0,10.0,background
2026-01-01 12:57:00,101.0,101.01,100.99,101.0,20.0,10.0,10.0,background
2026-01-01 12:58:00,101.0,101.01,100.99,101.0,20.0,10.0,10.0,background
2026-01-01 12:59:00,101.0,101.01,100.99,101.0,20.0,10.0,10.0,background
2026-01-01 13:00:00,101.0,101.01,100.99,101.0,20.0,10.0,10.0,background
2026-01-01 13:01:00,101.0,101.01,100.99,101.0,20.0,10.0,10.0,background
2026-01-01 13:02:00,101.0,101.01,100.99,101.0,20.0,10.0,10.0,background
2026-01-01 13:03:00,101.0,101.01,100.99,101.0,20.0,10.0,10.0,background
2026-01-01 13:04:00,101.0,101.01,100.99,101.0,20.0,10.0,10.0,background
2026-01-01 13:05:00,101.0,101.02,100.98,101.0,95.0,90.0,5.0,absorption_support_retest
2026-01-01 13:06:00,101.08,101.1,101.01,101.08,20.0,10.0,10.0,background
2026-01-01 13:07:00,101.0,101.01,100.99,101.0,20.0,10.0,10.0,background
2026-01-01 13:08:00,101.0,101.01,100.99,101.0,20.0,10.0,10.0,background
2026-01-01 13:09:00,101.0,101.01,100.99,101.0,20.0,10.0,10.0,background
2026-01-01 13:10:00,101.0,101.01,100.99,101.0,20.0,10.0,10.0,background
2026-01-01 13:11:00,101.0,101.01,100.99,101.0,20.0,10.0,10.0,background
2026-01-01 13:12:00,99.91361983860459,99.9262869583048,99.90361983860458,99.9162869583048,20.0,10.0,10.0,background
2026-01-01 13:13:00,99.9162869583048,99.92638119811706,99.90628695830479,99.91638119811705,20.0,10.0,10.0,background
2026-01-01 13:14:00,99.91638119811705,99.92638119811706,99.90403610670225,99.91403610670226,20.0,10.0,10.0,background
2026-01-01 13:15:00,99.91403610670226,99.92403610670226,99.90215470696585,99.91215470696585,20.0,10.0,10.0,background
2026-01-01 13:16:00,99.91215470696585,99.92441593342635,99.90215470696585,99.91441593342634,20.0,10.0,10.0,background
2026-01-01 13:17:00,99.91441593342634,99.92473118667314,99.90441593342634,99.91473118667314,20.0,10.0,10.0,background
2026-01-01 13:18:00,99.91473118667314,99.92482718515627,99.90473118667313,99.91482718515627,20.0,10.0,10.0,background
2026-01-01 13:19:00,99.91482718515627,99.92482718515627,99.90472026157859,99.9147202615786,20.0,10.0,10.0,background
2026-01-01 13:20:00,99.9147202615786,99.9247970621017,99.90472026157859,99.9147970621017,20.0,10.0,10.0,background
2026-01-01 13:21:00,99.9147970621017,99.92640787339559,99.9047970621017,99.91640787339558,20.0,10.0,10.0,background
2026-01-01 13:22:00,99.91640787339558,99.9275130079903,99.90640787339558,99.9175130079903,20.0,10.0,10.0,background
2026-01-01 13:23:00,99.9175130079903,99.92794441739035,99.90751300799029,99.91794441739034,20.0,10.0,10.0,background
2026-01-01 13:24:00,99.91794441739034,99.92794441739035,99.90585868067517,99.91585868067517,20.0,10.0,10.0,background
2026-01-01 13:25:00,99.91585868067517,99.926880898205,99.90585868067517,99.916880898205,20.0,10.0,10.0,background
2026-01-01 13:26:00,99.916880898205,99.926880898205,99.90551240404899,99.915512404049,20.0,10.0,10.0,background
2026-01-01 13:27:00,99.915512404049,99.92770009540081,99.90551240404899,99.9177000954008,20.0,10.0,10.0,background
2026-01-01 13:28:00,99.9177000954008,99.92770009540081,99.90515799375736,99.91515799375736,20.0,10.0,10.0,background
2026-01-01 13:29:00,99.91515799375736,99.92515799375737,99.9048827518048,99.91488275180481,20.0,10.0,10.0,background
2026-01-01 13:30:00,99.91488275180481,99.92488275180482,99.90486803523221,99.91486803523222,20.0,10.0,10.0,background
2026-01-01 13:31:00,99.91486803523222,99.92486803523222,99.90221874413093,99.91221874413094,20.0,10.0,10.0,background
2026-01-01 13:32:00,99.91221874413094,99.92566268741865,99.90221874413093,99.91566268741865,20.0,10.0,10.0,background
2026-01-01 13:33:00,99.91566268741865,99.92858350095317,99.90566268741864,99.91858350095316,20.0,10.0,10.0,background
2026-01-01 13:34:00,99.91858350095316,99.92858350095317,99.90765633342994,99.91765633342995,20.0,10.0,10.0,background
2026-01-01 13:35:00,99.91765633342995,99.92919977576108,99.90765633342994,99.91919977576107,20.0,10.0,10.0,background
2026-01-01 13:36:00,99.91919977576107,99.92995712790042,99.90919977576107,99.91995712790042,20.0,10.0,10.0,background
2026-01-01 13:37:00,99.91995712790042,99.92995712790042,99.90473000897371,99.91473000897372,20.0,10.0,10.0,background
2026-01-01 13:38:00,99.91473000897372,99.92523080500628,99.90473000897371,99.91523080500627,20.0,10.0,10.0,background
2026-01-01 13:39:00,99.91523080500627,99.92523080500628,99.9051081168466,99.91510811684661,20.0,10.0,10.0,background
2026-01-01 13:40:00,99.91510811684661,99.92527455155357,99.9051081168466,99.91527455155357,20.0,10.0,10.0,background
2026-01-01 13:41:00,99.91527455155357,99.92527455155357,99.90312080171391,99.91312080171392,20.0,10.0,10.0,background
2026-01-01 13:42:00,99.91312080171392,99.92312080171392,99.90258210762147,99.91258210762147,20.0,10.0,10.0,background
2026-01-01 13:43:00,99.91258210762147,99.92258210762148,99.9022255900947,99.9122255900947,20.0,10.0,10.0,background
2026-01-01 13:44:00,99.9122255900947,99.92460177852914,99.9022255900947,99.91460177852913,20.0,10.0,10.0,background
2026-01-01 13:45:00,99.91460177852913,99.92527063264991,99.90460177852913,99.91527063264991,20.0,10.0,10.0,background
2026-01-01 13:46:00,99.91527063264991,99.92527063264991,99.9052595225895,99.91525952258951,20.0,10.0,10.0,background
2026-01-01 13:47:00,99.91525952258951,99.92831746258533,99.9052595225895,99.91831746258532,20.0,10.0,10.0,background
2026-01-01 13:48:00,99.91831746258532,99.92831746258533,99.9072069667258,99.9172069667258,20.0,10.0,10.0,background
2026-01-01 13:49:00,99.9172069667258,99.9272069667258,99.90642810611604,99.91642810611604,20.0,10.0,10.0,background
2026-01-01 13:50:00,99.91642810611604,99.92642810611605,99.90279459609337,99.91279459609338,20.0,10.0,10.0,background
2026-01-01 13:51:00,99.91279459609338,99.92593280778594,99.90279459609337,99.91593280778594,20.0,10.0,10.0,background
2026-01-01 13:52:00,99.91593280778594,99.92786147252234,99.90593280778593,99.91786147252233,20.0,10.0,10.0,background
2026-01-01 13:53:00,99.91786147252233,99.92969516861136,99.90786147252233,99.91969516861136,20.0,10.0,10.0,background
2026-01-01 13:54:00,99.91969516861136,99.93103296550424,99.90969516861135,99.92103296550424,20.0,10.0,10.0,background
2026-01-01 13:55:00,99.92103296550424,99.93125326267958,99.91103296550423,99.92125326267957,20.0,10.0,10.0,background
2026-01-01 13:56:00,99.92125326267957,99.93168424055794,99.91125326267957,99.92168424055794,20.0,10.0,10.0,background
2026-01-01 13:57:00,99.92168424055794,99.93168424055794,99.9111802273774,99.9211802273774,20.0,10.0,10.0,background
2026-01-01 13:58:00,99.9211802273774,99.93118022737741,99.91077302652594,99.92077302652595,20.0,10.0,10.0,background
2026-01-01 13:59:00,99.92077302652595,99.9308816337494,99.91077302652594,99.92088163374939,20.0,10.0,10.0,background
2026-01-01 14:00:00,99.92088163374939,99.93390529277252,99.91088163374938,99.92390529277252,20.0,10.0,10.0,background
2026-01-01 14:01:00,99.92390529277252,99.93501666857613,99.91390529277251,99.92501666857612,20.0,10.0,10.0,background
2026-01-01 14:02:00,99.92501666857612,99.93501666857613,99.9148997483246,99.9248997483246,20.0,10.0,10.0,background
2026-01-01 14:03:00,99.9248997483246,99.93489974832461,99.91374096422372,99.92374096422373,20.0,10.0,10.0,background
2026-01-01 14:04:00,99.92374096422373,99.93374096422373,99.9124709672489,99.9224709672489,20.0,10.0,10.0,background
2026-01-01 14:05:00,99.9224709672489,99.93567637727125,99.9124709672489,99.92567637727124,20.0,10.0,10.0,background
2026-01-01 14:06:00,99.92567637727124,99.9366897518797,99.91567637727124,99.92668975187969,20.0,10.0,10.0,background
2026-01-01 14:07:00,99.92668975187969,99.93682485299632,99.91668975187969,99.92682485299632,20.0,10.0,10.0,background
2026-01-01 14:08:00,99.92682485299632,99.93682485299632,99.916132489312,99.92613248931201,20.0,10.0,10.0,background
2026-01-01 14:09:00,99.92613248931201,99.93613248931202,99.91391438248861,99.92391438248862,20.0,10.0,10.0,background
2026-01-01 14:10:00,99.92391438248862,99.93391438248862,99.91378065937367,99.92378065937368,20.0,10.0,10.0,background
2026-01-01 14:11:00,99.92378065937368,99.93552797544262,99.91378065937367,99.92552797544262,20.0,10.0,10.0,background
2026-01-01 14:12:00,99.92552797544262,99.93552797544262,99.91474290094894,99.92474290094894,20.0,10.0,10.0,background
2026-01-01 14:13:00,99.92474290094894,99.93474290094895,99.91428841578293,99.92428841578294,20.0,10.0,10.0,background
2026-01-01 14:14:00,99.92428841578294,99.93428841578294,99.91384634708005,99.92384634708006,20.0,10.0,10.0,background
2026-01-01 14:15:00,99.92384634708006,99.93406553581606,99.91384634708005,99.92406553581606,20.0,10.0,10.0,background
2026-01-01 14:16:00,99.92406553581606,99.93406553581606,99.91087951405856,99.92087951405857,20.0,10.0,10.0,background
2026-01-01 14:17:00,99.92087951405857,99.93087951405857,99.91040871735463,99.92040871735463,20.0,10.0,10.0,background
2026-01-01 14:18:00,99.92040871735463,99.93040871735464,99.90869992631832,99.91869992631833,20.0,10.0,10.0,background
2026-01-01 14:19:00,99.91869992631833,99.93046909638346,99.90869992631832,99.92046909638346,20.0,10.0,10.0,background
2026-01-01 14:20:00,99.92046909638346,99.93046909638346,99.90892789903032,99.91892789903032,20.0,10.0,10.0,background
2026-01-01 14:21:00,99.91892789903032,99.93008199252493,99.90892789903032,99.92008199252493,20.0,10.0,10.0,background
2026-01-01 14:22:00,99.92008199252493,99.93313086743038,99.91008199252492,99.92313086743037,20.0,10.0,10.0,background
2026-01-01 14:23:00,99.92313086743037,99.93313086743038,99.91250367490781,99.92250367490782,20.0,10.0,10.0,background
2026-01-01 14:24:00,99.92250367490782,99.93250367490782,99.91130052240356,99.92130052240357,20.0,10.0,10.0,background
2026-01-01 14:25:00,99.92130052240357,99.93168338692182,99.91130052240356,99.92168338692181,20.0,10.0,10.0,background
2026-01-01 14:26:00,99.92168338692181,99.93168338692182,99.9116793288666,99.9216793288666,20.0,10.0,10.0,background
2026-01-01 14:27:00,99.9216793288666,99.93167932886661,99.90969209617191,99.91969209617191,20.0,10.0,10.0,background
2026-01-01 14:28:00,99.91969209617191,99.93061393500335,99.90969209617191,99.92061393500335,20.0,10.0,10.0,background
2026-01-01 14:29:00,99.92061393500335,99.9346449671103,99.91061393500334,99.9246449671103,20.0,10.0,10.0,background
2026-01-01 14:30:00,99.9246449671103,99.9346449671103,99.91412874311976,99.92412874311977,20.0,10.0,10.0,background
2026-01-01 14:31:00,99.92412874311977,99.93412874311977,99.91372299072763,99.92372299072764,20.0,10.0,10.0,background
2026-01-01 14:32:00,99.92372299072764,99.93372299072765,99.9116331266805,99.9216331266805,20.0,10.0,10.0,background
2026-01-01 14:33:00,99.9216331266805,99.93227130358387,99.9116331266805,99.92227130358387,20.0,10.0,10.0,background
2026-01-01 14:34:00,99.92227130358387,99.93227130358387,99.90977735113445,99.91977735113446,20.0,10.0,10.0,background
2026-01-01 14:35:00,102.0,102.01,101.99,102.0,20.0,10.0,10.0,background
2026-01-01 14:36:00,102.0,102.01,101.99,102.0,20.0,10.0,10.0,background
2026-01-01 14:37:00,102.0,102.01,101.99,102.0,20.0,10.0,10.0,background
2026-01-01 14:38:00,102.0,102.01,101.99,102.0,20.0,10.0,10.0,background
2026-01-01 14:39:00,102.0,102.01,101.99,102.0,20.0,10.0,10.0,background
2026-01-01 14:40:00,102.0,102.01,101.99,102.0,151.0,1.0,150.0,initiative_resistance
2026-01-01 14:41:00,102.0,102.01,101.99,102.0,20.0,10.0,10.0,background
2026-01-01 14:42:00,102.0,102.01,101.99,102.0,20.0,10.0,10.0,background
2026-01-01 14:43:00,102.0,102.01,101.99,102.0,20.0,10.0,10.0,background
2026-01-01 14:44:00,102.0,102.01,101.99,102.0,20.0,10.0,10.0,background
2026-01-01 14:45:00,102.0,102.01,101.99,102.0,20.0,10.0,10.0,background
2026-01-01 14:46:00,102.0,102.01,101.99,102.0,20.0,10.0,10.0,background
2026-01-01 14:47:00,102.0,102.01,101.99,102.0,20.0,10.0,10.0,background
2026-01-01 14:48:00,101.9,101.94,101.88,101.9,20.0,10.0,10.0,background
2026-01-01 14:49:00,102.0,102.01,101.99,102.0,20.0,10.0,10.0,background
2026-01-01 14:50:00,102.0,102.01,101.99,102.0,20.0,10.0,10.0,background
2026-01-01 14:51:00,102.0,102.01,101.99,102.0,20.0,10.0,10.0,background
2026-01-01 14:52:00,101.84,101.92,101.82,101.84,20.0,10.0,10.0,background
2026-01-01 14:53:00,102.0,102.01,101.99,102.0,20.0,10.0,10.0,background
2026-01-01 14:54:00,102.0,102.01,101.99,102.0,20.0,10.0,10.0,background
2026-01-01 14:55:00,102.0,102.01,101.99,102.0,20.0,10.0,10.0,background
2026-01-01 14:56:00,102.0,102.01,101.99,102.0,20.0,10.0,10.0,background
2026-01-01 14:57:00,102.0,102.01,101.99,102.0,20.0,10.0,10.0,background
2026-01-01 14:58:00,102.0,102.01,101.99,102.0,20.0,10.0,10.0,background
2026-01-01 14:59:00,102.0,102.01,101.99,102.0,20.0,10.0,10.0,background
2026-01-01 15:00:00,102.0,102.01,101.99,102.0,20.0,10.0,10.0,background
2026-01-01 15:01:00,102.0,102.01,101.99,102.0,20.0,10.0,10.0,background
2026-01-01 15:02:00,102.0,102.01,101.99,102.0,20.0,10.0,10.0,background
2026-01-01 15:03:00,102.0,102.01,101.99,102.0,20.0,10.0,10.0,background
2026-01-01 15:04:00,102.0,102.01,101.99,102.0,20.0,10.0,10.0,background
2026-01-01 15:05:00,102.0,102.02,101.98,102.0,95.0,5.0,90.0,initiative_resistance_retest
2026-01-01 15:06:00,101.92,101.99,101.9,101.92,20.0,10.0,10.0,background
2026-01-01 15:07:00,102.0,102.01,101.99,102.0,20.0,10.0,10.0,background
2026-01-01 15:08:00,102.0,102.01,101.99,102.0,20.0,10.0,10.0,background
2026-01-01 15:09:00,102.0,102.01,101.99,102.0,20.0,10.0,10.0,background
2026-01-01 15:10:00,102.0,102.01,101.99,102.0,20.0,10.0,10.0,background
2026-01-01 15:11:00,102.0,102.01,101.99,102.0,20.0,10.0,10.0,background
2026-01-01 15:12:00,99.92202708290671,99.93202708290671,99.91128438587293,99.92128438587294,20.0,10.0,10.0,background
2026-01-01 15:13:00,99.92128438587294,99.93128438587294,99.90992690923649,99.9199269092365,20.0,10.0,10.0,background
2026-01-01 15:14:00,99.9199269092365,99.93120059072876,99.90992690923649,99.92120059072876,20.0,10.0,10.0,background
2026-01-01 15:15:00,99.92120059072876,99.93571605179362,99.91120059072875,99.92571605179361,20.0,10.0,10.0,background
2026-01-01 15:16:00,99.92571605179361,99.93614991276952,99.91571605179361,99.92614991276952,20.0,10.0,10.0,background
2026-01-01 15:17:00,99.92614991276952,99.93614991276952,99.91459129051346,99.92459129051346,20.0,10.0,10.0,background
2026-01-01 15:18:00,99.92459129051346,99.93459129051347,99.91225018745284,99.92225018745285,20.0,10.0,10.0,background
2026-01-01 15:19:00,99.92225018745285,99.93225018745285,99.91213799889131,99.92213799889132,20.0,10.0,10.0,background
2026-01-01 15:20:00,99.92213799889132,99.93213799889132,99.91178441250429,99.9217844125043,20.0,10.0,10.0,background
2026-01-01 15:21:00,99.9217844125043,99.9317844125043,99.90948137418523,99.91948137418524,20.0,10.0,10.0,background
2026-01-01 15:22:00,99.91948137418524,99.92971408465662,99.90948137418523,99.91971408465662,20.0,10.0,10.0,background
2026-01-01 15:23:00,99.91971408465662,99.92971408465662,99.907412257614,99.917412257614,20.0,10.0,10.0,background
2026-01-01 15:24:00,99.917412257614,99.92963647215745,99.907412257614,99.91963647215745,20.0,10.0,10.0,background
2026-01-01 15:25:00,99.91963647215745,99.93176177336903,99.90963647215744,99.92176177336903,20.0,10.0,10.0,background
2026-01-01 15:26:00,99.92176177336903,99.93393127589962,99.91176177336902,99.92393127589962,20.0,10.0,10.0,background
2026-01-01 15:27:00,99.92393127589962,99.93393127589962,99.9129831749584,99.9229831749584,20.0,10.0,10.0,background
2026-01-01 15:28:00,99.9229831749584,99.93401221608505,99.9129831749584,99.92401221608505,20.0,10.0,10.0,background
2026-01-01 15:29:00,99.92401221608505,99.93401221608505,99.9137480770746,99.9237480770746,20.0,10.0,10.0,background
2026-01-01 15:30:00,99.9237480770746,99.93374807707461,99.9129704529518,99.9229704529518,20.0,10.0,10.0,background
2026-01-01 15:31:00,99.9229704529518,99.9329704529518,99.91229216163751,99.92229216163751,20.0,10.0,10.0,background
2026-01-01 15:32:00,99.92229216163751,99.93229216163752,99.90969273109144,99.91969273109144,20.0,10.0,10.0,background
2026-01-01 15:33:00,99.91969273109144,99.92969273109145,99.90680500369965,99.91680500369965,20.0,10.0,10.0,background
2026-01-01 15:34:00,99.91680500369965,99.92839363328142,99.90680500369965,99.91839363328141,20.0,10.0,10.0,background
2026-01-01 15:35:00,99.91839363328141,99.92839363328142,99.90801116247357,99.91801116247358,20.0,10.0,10.0,background
2026-01-01 15:36:00,99.91801116247358,99.92844401217583,99.90801116247357,99.91844401217583,20.0,10.0,10.0,background
2026-01-01 15:37:00,99.91844401217583,99.93044743295273,99.90844401217582,99.92044743295273,20.0,10.0,10.0,background
2026-01-01 15:38:00,99.92044743295273,99.93044743295273,99.9069811679627,99.9169811679627,20.0,10.0,10.0,background
2026-01-01 15:39:00,99.9169811679627,99.92698116796271,99.90541290781506,99.91541290781507,20.0,10.0,10.0,background
2026-01-01 15:40:00,99.91541290781507,99.92576357750201,99.90541290781506,99.915763577502,20.0,10.0,10.0,background
2026-01-01 15:41:00,99.915763577502,99.92654776707533,99.905763577502,99.91654776707533,20.0,10.0,10.0,background
2026-01-01 15:42:00,99.91654776707533,99.92654776707533,99.90579361817453,99.91579361817453,20.0,10.0,10.0,background
2026-01-01 15:43:00,99.91579361817453,99.92785197663993,99.90579361817453,99.91785197663992,20.0,10.0,10.0,background
2026-01-01 15:44:00,99.91785197663992,99.9282727665176,99.90785197663992,99.91827276651759,20.0,10.0,10.0,background
2026-01-01 15:45:00,99.91827276651759,99.9282727665176,99.90584600223993,99.91584600223993,20.0,10.0,10.0,background
2026-01-01 15:46:00,99.91584600223993,99.92584600223994,99.90398447468795,99.91398447468795,20.0,10.0,10.0,background
2026-01-01 15:47:00,99.91398447468795,99.92559541680895,99.90398447468795,99.91559541680894,20.0,10.0,10.0,background
2026-01-01 15:48:00,99.91559541680894,99.92652307972185,99.90559541680894,99.91652307972184,20.0,10.0,10.0,background
2026-01-01 15:49:00,99.91652307972184,99.92652307972185,99.90272495724383,99.91272495724384,20.0,10.0,10.0,background
2026-01-01 15:50:00,99.91272495724384,99.92542038185157,99.90272495724383,99.91542038185156,20.0,10.0,10.0,background
2026-01-01 15:51:00,99.91542038185156,99.92661643591376,99.90542038185156,99.91661643591375,20.0,10.0,10.0,background
2026-01-01 15:52:00,99.91661643591375,99.92930312188915,99.90661643591375,99.91930312188914,20.0,10.0,10.0,background
2026-01-01 15:53:00,99.91930312188914,99.92930312188915,99.90853572012699,99.918535720127,20.0,10.0,10.0,background
2026-01-01 15:54:00,99.918535720127,99.928535720127,99.90794430768432,99.91794430768432,20.0,10.0,10.0,background
2026-01-01 15:55:00,99.91794430768432,99.92794430768433,99.90569139351481,99.91569139351482,20.0,10.0,10.0,background
2026-01-01 15:56:00,99.91569139351482,99.93076525265509,99.90569139351481,99.92076525265509,20.0,10.0,10.0,background
2026-01-01 15:57:00,99.92076525265509,99.93076525265509,99.91041434420427,99.92041434420427,20.0,10.0,10.0,background
2026-01-01 15:58:00,99.92041434420427,99.93358941058844,99.91041434420427,99.92358941058843,20.0,10.0,10.0,background
2026-01-01 15:59:00,99.92358941058843,99.93358941058844,99.91229482568566,99.92229482568567,20.0,10.0,10.0,background
2026-01-01 16:00:00,99.92229482568567,99.93262250807034,99.91229482568566,99.92262250807033,20.0,10.0,10.0,background
2026-01-01 16:01:00,99.92262250807033,99.93262250807034,99.90927980309718,99.91927980309718,20.0,10.0,10.0,background
2026-01-01 16:02:00,99.91927980309718,99.92927980309719,99.90851406879965,99.91851406879965,20.0,10.0,10.0,background
2026-01-01 16:03:00,99.91851406879965,99.93048157861647,99.90851406879965,99.92048157861646,20.0,10.0,10.0,background
2026-01-01 16:04:00,99.92048157861646,99.93048157861647,99.9079780909853,99.9179780909853,20.0,10.0,10.0,background
2026-01-01 16:05:00,99.9179780909853,99.93012254607518,99.9079780909853,99.92012254607518,20.0,10.0,10.0,background
2026-01-01 16:06:00,99.92012254607518,99.93079702170688,99.91012254607517,99.92079702170687,20.0,10.0,10.0,background
2026-01-01 16:07:00,99.92079702170687,99.93079702170688,99.9087091198569,99.9187091198569,20.0,10.0,10.0,background
2026-01-01 16:08:00,99.9187091198569,99.9287091198569,99.90770592531405,99.91770592531405,20.0,10.0,10.0,background
2026-01-01 16:09:00,99.91770592531405,99.92770592531406,99.90678779396063,99.91678779396064,20.0,10.0,10.0,background
2026-01-01 16:10:00,99.91678779396064,99.92678779396064,99.90668875528475,99.91668875528475,20.0,10.0,10.0,background
2026-01-01 16:11:00,99.91668875528475,99.92668875528476,99.90561646735287,99.91561646735288,20.0,10.0,10.0,background
2026-01-01 16:12:00,99.91561646735288,99.92561646735288,99.90396189155126,99.91396189155127,20.0,10.0,10.0,background
2026-01-01 16:13:00,99.91396189155127,99.92396189155127,99.90335271614623,99.91335271614624,20.0,10.0,10.0,background
2026-01-01 16:14:00,99.91335271614624,99.92335271614624,99.90129893666901,99.91129893666901,20.0,10.0,10.0,background
2026-01-01 16:15:00,99.91129893666901,99.92129893666902,99.89871988352373,99.90871988352373,20.0,10.0,10.0,background
2026-01-01 16:16:00,99.90871988352373,99.91871988352374,99.89862353055871,99.90862353055871,20.0,10.0,10.0,background
2026-01-01 16:17:00,99.90862353055871,99.92038927900983,99.89862353055871,99.91038927900982,20.0,10.0,10.0,background
2026-01-01 16:18:00,99.91038927900982,99.92038927900983,99.89733053559958,99.90733053559958,20.0,10.0,10.0,background
2026-01-01 16:19:00,99.90733053559958,99.91733755190252,99.89733053559958,99.90733755190251,20.0,10.0,10.0,background
2026-01-01 16:20:00,99.90733755190251,99.91733755190252,99.89603763951291,99.90603763951292,20.0,10.0,10.0,background
2026-01-01 16:21:00,99.90603763951292,99.91603763951292,99.89408334863863,99.90408334863864,20.0,10.0,10.0,background
2026-01-01 16:22:00,99.90408334863864,99.91579022394407,99.89408334863863,99.90579022394407,20.0,10.0,10.0,background
2026-01-01 16:23:00,99.90579022394407,99.91579022394407,99.89475388456589,99.90475388456589,20.0,10.0,10.0,background
2026-01-01 16:24:00,99.90475388456589,99.91775048793203,99.89475388456589,99.90775048793202,20.0,10.0,10.0,background
2026-01-01 16:25:00,99.90775048793202,99.91775048793203,99.89619080920372,99.90619080920372,20.0,10.0,10.0,background
2026-01-01 16:26:00,99.90619080920372,99.91696381319099,99.89619080920372,99.90696381319098,20.0,10.0,10.0,background
2026-01-01 16:27:00,99.90696381319098,99.91696381319099,99.89650924717786,99.90650924717787,20.0,10.0,10.0,background
2026-01-01 16:28:00,99.90650924717787,99.91650924717787,99.8950012035596,99.9050012035596,20.0,10.0,10.0,background
2026-01-01 16:29:00,99.9050012035596,99.91617655364477,99.8950012035596,99.90617655364477,20.0,10.0,10.0,background
2026-01-01 16:30:00,99.90617655364477,99.91617655364477,99.8958665884986,99.90586658849861,20.0,10.0,10.0,background
2026-01-01 16:31:00,99.90586658849861,99.91707300966004,99.8958665884986,99.90707300966004,20.0,10.0,10.0,background
2026-01-01 16:32:00,99.90707300966004,99.91707300966004,99.8969784266456,99.90697842664561,20.0,10.0,10.0,background
2026-01-01 16:33:00,99.90697842664561,99.91697842664561,99.89480679413501,99.90480679413501,20.0,10.0,10.0,background
2026-01-01 16:34:00,99.90480679413501,99.91480679413502,99.89460265564863,99.90460265564863,20.0,10.0,10.0,background
2026-01-01 16:35:00,101.5,101.51,101.49,101.5,20.0,10.0,10.0,background
2026-01-01 16:36:00,101.5,101.51,101.49,101.5,20.0,10.0,10.0,background
2026-01-01 16:37:00,101.5,101.51,101.49,101.5,20.0,10.0,10.0,background
2026-01-01 16:38:00,101.5,101.51,101.49,101.5,20.0,10.0,10.0,background
2026-01-01 16:39:00,101.5,101.51,101.49,101.5,20.0,10.0,10.0,background
2026-01-01 16:40:00,101.5,101.51,101.49,101.5,151.0,150.0,1.0,absorption_resistance
2026-01-01 16:41:00,101.5,101.51,101.49,101.5,20.0,10.0,10.0,background
2026-01-01 16:42:00,101.5,101.51,101.49,101.5,20.0,10.0,10.0,background
2026-01-01 16:43:00,101.49,101.51,101.48,101.49,20.0,10.0,10.0,background
2026-01-01 16:44:00,101.5,101.51,101.49,101.5,20.0,10.0,10.0,background
2026-01-01 16:45:00,101.5,101.51,101.49,101.5,20.0,10.0,10.0,background
2026-01-01 16:46:00,101.5,101.51,101.49,101.5,20.0,10.0,10.0,background
2026-01-01 16:47:00,101.5,101.51,101.49,101.5,20.0,10.0,10.0,background
2026-01-01 16:48:00,101.5,101.51,101.49,101.5,20.0,10.0,10.0,background
2026-01-01 16:49:00,101.5,101.51,101.49,101.5,20.0,10.0,10.0,background
2026-01-01 16:50:00,101.38,101.45,101.35,101.38,20.0,10.0,10.0,background
2026-01-01 16:51:00,101.5,101.51,101.49,101.5,20.0,10.0,10.0,background
2026-01-01 16:52:00,101.5,101.51,101.49,101.5,20.0,10.0,10.0,background
2026-01-01 16:53:00,101.5,101.51,101.49,101.5,20.0,10.0,10.0,background
2026-01-01 16:54:00,101.5,101.51,101.49,101.5,20.0,10.0,10.0,background
2026-01-01 16:55:00,101.5,101.51,101.49,101.5,20.0,10.0,10.0,background
2026-01-01 16:56:00,101.5,101.51,101.49,101.5,20.0,10.0,10.0,background
2026-01-01 16:57:00,101.5,101.51,101.49,101.5,20.0,10.0,10.0,background
2026-01-01 16:58:00,101.5,101.51,101.49,101.5,20.0,10.0,10.0,background
2026-01-01 16:59:00,101.5,101.51,101.49,101.5,20.0,10.0,10.0,background
2026-01-01 17:00:00,101.5,101.51,101.49,101.5,20.0,10.0,10.0,background
2026-01-01 17:01:00,101.5,101.51,101.49,101.5,20.0,10.0,10.0,background
2026-01-01 17:02:00,101.5,101.51,101.49,101.5,20.0,10.0,10.0,background
2026-01-01 17:03:00,101.5,101.51,101.49,101.5,20.0,10.0,10.0,background
2026-01-01 17:04:00,101.5,101.51,101.49,101.5,20.0,10.0,10.0,background
2026-01-01 17:05:00,101.5,101.52,101.48,101.5,95.0,5.0,90.0,absorption_resistance_retest
2026-01-01 17:06:00,101.42,101.49,101.4,101.42,20.0,10.0,10.0,background
2026-01-01 17:07:00,101.5,101.51,101.49,101.5,20.0,10.0,10.0,background
2026-01-01 17:08:00,101.5,101.51,101.49,101.5,20.0,10.0,10.0,background
2026-01-01 17:09:00,101.5,101.51,101.49,101.5,20.0,10.0,10.0,background
2026-01-01 17:10:00,101.5,101.51,101.49,101.5,20.0,10.0,10.0,background
2026-01-01 17:11:00,101.5,101.51,101.49,101.5,20.0,10.0,10.0,background
2026-01-01 17:12:00,99.87919187360566,99.88919187360567,99.86641100205273,99.87641100205273,20.0,10.0,10.0,background
2026-01-01 17:13:00,99.87641100205273,99.88641100205274,99.86570140874645,99.87570140874645,20.0,10.0,10.0,background
2026-01-01 17:14:00,99.87570140874645,99.88848365650222,99.86570140874645,99.87848365650221,20.0,10.0,10.0,background
2026-01-01 17:15:00,99.87848365650221,99.88848365650222,99.8628445176666,99.8728445176666,20.0,10.0,10.0,background
2026-01-01 17:16:00,99.8728445176666,99.88389777120464,99.8628445176666,99.87389777120464,20.0,10.0,10.0,background
2026-01-01 17:17:00,99.87389777120464,99.88389777120464,99.86174626074974,99.87174626074975,20.0,10.0,10.0,background
2026-01-01 17:18:00,99.87174626074975,99.88382699504284,99.86174626074974,99.87382699504283,20.0,10.0,10.0,background
2026-01-01 17:19:00,99.87382699504283,99.88382699504284,99.86167114716108,99.87167114716108,20.0,10.0,10.0,background
2026-01-01 17:20:00,99.87167114716108,99.88167114716109,99.86110031550663,99.87110031550664,20.0,10.0,10.0,background
2026-01-01 17:21:00,99.87110031550664,99.88110031550664,99.85808775730536,99.86808775730536,20.0,10.0,10.0,background
2026-01-01 17:22:00,99.86808775730536,99.87808775730537,99.85613324160437,99.86613324160437,20.0,10.0,10.0,background
2026-01-01 17:23:00,99.86613324160437,99.87890491993046,99.85613324160437,99.86890491993046,20.0,10.0,10.0,background
2026-01-01 17:24:00,99.86890491993046,99.88054607730224,99.85890491993045,99.87054607730224,20.0,10.0,10.0,background
2026-01-01 17:25:00,99.87054607730224,99.88054607730224,99.85974274099793,99.86974274099794,20.0,10.0,10.0,background
2026-01-01 17:26:00,99.86974274099794,99.87974274099794,99.85800239625752,99.86800239625752,20.0,10.0,10.0,background
2026-01-01 17:27:00,99.86800239625752,99.87800239625753,99.8542147819845,99.8642147819845,20.0,10.0,10.0,background
2026-01-01 17:28:00,99.8642147819845,99.8742147819845,99.8534274685607,99.8634274685607,20.0,10.0,10.0,background
2026-01-01 17:29:00,99.8634274685607,99.8734274685607,99.85336566205552,99.86336566205553,20.0,10.0,10.0,background
2026-01-01 17:30:00,99.86336566205553,99.87336566205553,99.85319755333985,99.86319755333986,20.0,10.0,10.0,background
2026-01-01 17:31:00,99.86319755333986,99.87319755333986,99.8530099694839,99.86300996948391,20.0,10.0,10.0,background
2026-01-01 17:32:00,99.86300996948391,99.87300996948392,99.85076635022945,99.86076635022945,20.0,10.0,10.0,background
2026-01-01 17:33:00,99.86076635022945,99.87076635022946,99.85063380245872,99.86063380245872,20.0,10.0,10.0,background
2026-01-01 17:34:00,99.86063380245872,99.87063380245873,99.85055645569965,99.86055645569965,20.0,10.0,10.0,background
2026-01-01 17:35:00,99.86055645569965,99.87313757977526,99.85055645569965,99.86313757977526,20.0,10.0,10.0,background
2026-01-01 17:36:00,99.86313757977526,99.87687104668397,99.85313757977525,99.86687104668397,20.0,10.0,10.0,background
2026-01-01 17:37:00,99.86687104668397,99.87687104668397,99.85659706863012,99.86659706863013,20.0,10.0,10.0,background
2026-01-01 17:38:00,99.86659706863013,99.87659706863013,99.85506445672777,99.86506445672778,20.0,10.0,10.0,background
2026-01-01 17:39:00,99.86506445672778,99.87506445672778,99.85493449246825,99.86493449246825,20.0,10.0,10.0,background
2026-01-01 17:40:00,99.86493449246825,99.87493449246826,99.85371924991775,99.86371924991775,20.0,10.0,10.0,background
2026-01-01 17:41:00,99.86371924991775,99.87371924991776,99.85223438228626,99.86223438228626,20.0,10.0,10.0,background
2026-01-01 17:42:00,99.86223438228626,99.87223438228627,99.8521170819824,99.8621170819824,20.0,10.0,10.0,background
2026-01-01 17:43:00,99.8621170819824,99.87211708198241,99.8500304731201,99.8600304731201,20.0,10.0,10.0,background
2026-01-01 17:44:00,99.8600304731201,99.87124268662242,99.8500304731201,99.86124268662242,20.0,10.0,10.0,background
2026-01-01 17:45:00,99.86124268662242,99.87124268662242,99.85103485552403,99.86103485552404,20.0,10.0,10.0,background
2026-01-01 17:46:00,99.86103485552404,99.87153487213777,99.85103485552403,99.86153487213777,20.0,10.0,10.0,background
2026-01-01 17:47:00,99.86153487213777,99.87153487213777,99.85116899206582,99.86116899206583,20.0,10.0,10.0,background
2026-01-01 17:48:00,99.86116899206583,99.87116899206583,99.84971448317131,99.85971448317132,20.0,10.0,10.0,background
2026-01-01 17:49:00,99.85971448317132,99.86971448317132,99.84781856405182,99.85781856405183,20.0,10.0,10.0,background
2026-01-01 17:50:00,99.85781856405183,99.86781856405183,99.84734401204317,99.85734401204317,20.0,10.0,10.0,background
2026-01-01 17:51:00,99.85734401204317,99.86734401204318,99.84624649136832,99.85624649136832,20.0,10.0,10.0,background
2026-01-01 17:52:00,99.85624649136832,99.86671429403474,99.84624649136832,99.85671429403473,20.0,10.0,10.0,background
2026-01-01 17:53:00,99.85671429403473,99.86671429403474,99.84670543062833,99.85670543062834,20.0,10.0,10.0,background
2026-01-01 17:54:00,99.85670543062834,99.86670543062834,99.84398081713249,99.8539808171325,20.0,10.0,10.0,background
2026-01-01 17:55:00,99.8539808171325,99.86411505973136,99.84398081713249,99.85411505973136,20.0,10.0,10.0,background
2026-01-01 17:56:00,99.85411505973136,99.86411505973136,99.84142933889707,99.85142933889708,20.0,10.0,10.0,background
2026-01-01 17:57:00,99.85142933889708,99.86142933889708,99.84019638364603,99.85019638364604,20.0,10.0,10.0,background
2026-01-01 17:58:00,99.85019638364604,99.86019638364604,99.83960767642759,99.8496076764276,20.0,10.0,10.0,background
2026-01-01 17:59:00,99.8496076764276,99.8596076764276,99.83545712987177,99.84545712987178,20.0,10.0,10.0,background
2026-01-01 18:00:00,99.84545712987178,99.8556401447675,99.83545712987177,99.8456401447675,20.0,10.0,10.0,background
2026-01-01 18:01:00,99.8456401447675,99.85594211146693,99.8356401447675,99.84594211146693,20.0,10.0,10.0,background
2026-01-01 18:02:00,99.84594211146693,99.85594211146693,99.83562606308007,99.84562606308008,20.0,10.0,10.0,background
2026-01-01 18:03:00,99.84562606308008,99.85562606308008,99.83477742853512,99.84477742853512,20.0,10.0,10.0,background
2026-01-01 18:04:00,99.84477742853512,99.85477742853513,99.8340302212149,99.84403022121491,20.0,10.0,10.0,background
2026-01-01 18:05:00,99.84403022121491,99.85403022121491,99.83207714227768,99.84207714227769,20.0,10.0,10.0,background
2026-01-01 18:06:00,99.84207714227769,99.8520771422777,99.83153774153823,99.84153774153823,20.0,10.0,10.0,background
2026-01-01 18:07:00,99.84153774153823,99.85153774153824,99.8304325179312,99.8404325179312,20.0,10.0,10.0,background
2026-01-01 18:08:00,99.8404325179312,99.85061588871659,99.8304325179312,99.84061588871658,20.0,10.0,10.0,background
2026-01-01 18:09:00,99.84061588871658,99.85061588871659,99.82820761653748,99.83820761653749,20.0,10.0,10.0,background
2026-01-01 18:10:00,99.83820761653749,99.84867879635551,99.82820761653748,99.83867879635551,20.0,10.0,10.0,background
2026-01-01 18:11:00,99.83867879635551,99.84896523414247,99.8286787963555,99.83896523414246,20.0,10.0,10.0,background
2026-01-01 18:12:00,99.83896523414246,99.84896523414247,99.8286821084781,99.83868210847811,20.0,10.0,10.0,background
2026-01-01 18:13:00,99.83868210847811,99.84868210847812,99.82780369883193,99.83780369883193,20.0,10.0,10.0,background
2026-01-01 18:14:00,99.83780369883193,99.84890837861688,99.82780369883193,99.83890837861688,20.0,10.0,10.0,background
2026-01-01 18:15:00,99.83890837861688,99.84890837861688,99.82557917520329,99.83557917520329,20.0,10.0,10.0,background
2026-01-01 18:16:00,99.83557917520329,99.84650008187958,99.82557917520329,99.83650008187958,20.0,10.0,10.0,background
2026-01-01 18:17:00,99.83650008187958,99.84698615681197,99.82650008187957,99.83698615681196,20.0,10.0,10.0,background
2026-01-01 18:18:00,99.83698615681196,99.84755290939704,99.82698615681196,99.83755290939703,20.0,10.0,10.0,background
2026-01-01 18:19:00,99.83755290939703,99.8483195345819,99.82755290939703,99.8383195345819,20.0,10.0,10.0,background
